,Factor 1,Factor 2,Factor 3
item1,-0.1536357277086477,-0.004866590346193781,0.8958408429149152
item2,-0.06651969964793801,0.5791061910269698,-0.11699473481282442
item3,0.8659038587001034,-0.02484855194597785,0.0372412741501594
item4,0.013013787951552704,0.6335249242720387,0.09682004721626043
item5,0.4592389202498408,-0.021080856662604175,0.7000415282133322
item6,0.012733530608946978,0.8712596881817315,0.0020004731683553787
item7,0.8538102970426678,-0.04539700367668237,0.026050495956885668
item8,0.8573928163437023,0.0010193881537870976,0.033443149200568234
