,Factor 1,Factor 2,Factor 3,Factor 4,Factor 1,Factor 2,Factor 3,Factor 4
item1,-0.153831675,0.01981563,0.89868425,-0.0262872,0,0,1,0
item2,-0.053385367,-0.0486565,-0.0253399,0.93546363,0,0,0,1
item3,0.865992518,-0.0051653,0.03790157,-0.0226852,1,0,0,0
item4,-0.00715936,0.92694018,0.00690792,-0.0983244,0,1,0,0
item5,0.460214663,-0.0190344,0.70848945,-0.0012445,1,0,1,0
item6,0.00707317,0.6490156,3.94E-05,0.58148627,0,1,0,1
item7,0.853314668,-0.000602,0.02271717,-0.059374,1,0,0,0
item8,0.857751234,0.0015647,0.03644349,0.00884268,1,0,0,0